J-Date,Femeli
1400-01-07,1317
1400-01-08,1299
1400-01-10,1283
1400-01-11,1261
1400-01-14,1239
1400-01-15,1214
1400-01-16,1219
1400-01-17,1187
1400-01-18,1174
1400-01-21,1152
1400-01-22,1135
1400-01-23,1123
1400-01-24,1158
1400-01-25,1134
1400-01-28,1121
1400-01-29,1101
1400-01-30,1120
1400-01-31,1099
1400-02-01,1085
1400-02-04,1102
1400-02-05,1082
1400-02-06,1145
1400-02-07,1194
1400-02-08,1196
1400-02-11,1169
1400-02-12,1141
1400-02-13,1108
1400-02-15,1174
1400-02-18,1184
1400-02-19,1166
1400-02-20,1239
1400-02-21,1291
1400-02-22,1277
1400-02-25,1292
1400-02-26,1269
1400-02-27,1251
1400-02-28,1280
1400-02-29,1216
1400-03-01,1168
1400-03-02,1114
1400-03-03,1129
1400-03-04,1158
1400-03-05,1171
1400-03-08,1225
1400-03-09,1231
1400-03-10,1212
1400-03-11,1208
1400-03-12,1231
1400-03-17,1225
1400-03-18,1202
1400-03-19,1194
1400-03-22,1184
1400-03-23,1192
1400-03-24,1209
1400-03-25,1185
1400-03-26,1179
1400-03-29,1174
1400-03-30,1139
1400-03-31,1134
1400-04-01,1188
1400-04-02,1225
1400-04-05,1199
1400-04-06,1196
1400-04-07,1201
1400-04-08,1207
1400-04-09,1208
1400-04-12,1170
1400-04-13,1190
1400-04-14,1208
1400-04-15,1265
1400-04-16,1266
1400-04-19,1250
1400-04-20,1281
1400-04-21,1268
1400-04-22,1251
1400-04-23,1252
1400-04-26,1247
1400-04-27,1246
1400-05-05,1259
1400-05-06,1311
1400-05-09,1371
1400-05-10,1354
1400-05-11,1343
1400-05-12,1368
1400-05-13,1427
1400-05-16,1397
1400-05-17,1402
1400-05-18,1402
1400-05-19,1428
1400-05-20,1471
1400-05-23,1450
1400-05-24,1456
1400-05-31,1452
1400-06-01,1430
1400-06-02,1453
1400-06-03,1457
1400-06-06,1468
1400-06-07,1434
1400-06-08,1403
1400-06-09,1399
1400-06-10,1409
1400-06-13,1398
1400-06-14,1397
1400-06-15,1367
1400-06-16,1366
1400-06-17,1379
1400-06-20,1392
1400-06-21,1352
1400-06-22,1322
1400-06-23,1338
1400-06-24,1317
1400-06-27,1258
1400-06-28,1221
1400-06-29,1251
1400-06-30,1216
1400-06-31,1250
1400-07-03,1276
1400-07-04,1312
1400-07-06,1311
1400-07-07,1318
1400-07-10,1328
1400-07-11,1321
1400-07-12,1312
1400-07-14,1311
1400-07-17,1295
1400-07-18,1298
1400-07-19,1291
1400-07-20,1251
1400-07-21,1251
1400-07-24,1299
1400-07-25,1344
1400-07-26,1383
1400-07-27,1382
1400-07-28,1359
1400-08-01,1341
1400-08-03,1311
1400-08-04,1326
1400-08-05,1342
1400-08-08,1320
1400-08-09,1281
1400-08-10,1322
1400-08-11,1342
1400-08-12,1376
1400-08-15,1385
1400-08-16,1343
1400-08-17,1379
1400-08-18,1378
1400-08-19,1402
1400-08-22,1382
1400-08-23,1377
1400-08-24,1336
1400-08-25,1335
1400-08-26,1326
1400-08-30,1335
1400-09-15,1310
1400-09-16,1312
1400-09-17,1339
1400-09-20,1322
1400-09-21,1298
1400-09-22,1236
1400-09-23,1260
1400-09-24,1258
1400-09-27,1278
1400-09-28,1240
1400-09-29,1270
1400-09-30,1314
1400-10-01,1363
1400-10-04,1417
1400-10-05,1443
1400-10-06,1464
1400-10-07,1486
1400-10-08,1470
1400-10-11,1460
1400-10-12,1464
1400-10-13,1472
1400-10-14,1464
1400-10-15,1460
1400-10-18,1462
1400-10-19,1441
1400-10-20,1437
1400-10-21,1421
1400-10-22,1433
1400-10-25,1429
1400-10-26,1427
1400-10-27,1407
1400-10-28,1369
1400-10-29,1359
1400-11-02,1361
1400-11-03,1308
1400-11-04,1268
1400-11-05,1288
1400-11-06,1331
1400-11-09,1387
1400-11-10,1423
1400-11-11,1425
1400-11-12,1427
1400-11-13,1433
1400-11-16,1439
1400-11-17,1411
1400-11-18,1403
1400-11-19,1379
1400-11-20,1413
1400-11-23,1403
1400-11-24,1393
1400-11-25,1415
1400-11-27,1415
1400-11-30,1415
1400-12-01,1417
1400-12-02,1405
1400-12-03,1431
1400-12-04,1421
1400-12-07,1377
1400-12-08,1361
1400-12-09,1353
1400-12-11,1343
1400-12-14,1415
1400-12-15,1439
1400-12-16,1437
1400-12-17,1452
1400-12-18,1437
1400-12-21,1395
1400-12-22,1399
1400-12-23,1403
1400-12-24,1417
1400-12-25,1435
1400-12-28,1492
1401-01-06,1532
1401-01-07,1520
1401-01-08,1520
1401-01-09,1482
1401-01-10,1520
1401-01-14,1581
1401-01-15,1579
1401-01-16,1573
1401-01-17,1524
1401-01-20,1548
1401-01-21,1524
1401-01-22,1546
1401-01-23,1460
1401-01-24,1496
1401-01-27,1508
1401-01-28,1508
1401-01-29,1514
1401-01-30,1526
1401-01-31,1530
1401-02-04,1524
1401-02-05,1534
1401-02-06,1528
1401-02-07,1530
1401-02-10,1520
1401-02-11,1512
1401-02-12,1530
1401-02-17,1510
1401-02-18,1512
1401-02-19,1492
1401-02-20,1474
1401-02-21,1482
1401-02-24,1486
1401-02-25,1482
1401-02-26,1510
1401-02-27,1526
1401-02-28,1536
1401-02-31,1520
1401-03-01,1522
1401-03-02,1510
1401-03-03,1504
1401-03-04,1494
1401-03-07,1492
1401-03-08,1488
1401-03-09,1478
1401-03-10,1498
1401-03-11,1494
1401-03-16,1462
1401-03-17,1478
1401-03-18,1502
1401-03-21,1496
1401-03-22,1520
1401-03-23,1556
1401-03-24,1544
1401-03-25,1514
1401-03-28,1512
1401-03-29,1498
1401-03-30,1484
1401-03-31,1470
1401-04-01,1447
1401-04-04,1399
1401-04-05,1353
1401-04-06,1359
1401-04-07,1359
1401-04-08,1361
1401-04-11,1339
1401-04-12,1326
1401-04-13,1329
1401-04-14,1349
1401-04-15,1294
1401-04-18,1298
1401-04-20,1262
1401-04-21,1250
1401-04-22,1258
1401-04-25,1228
1401-04-26,1232
1401-05-04,1210
1401-05-05,1208
1401-05-08,1229
1401-05-09,1233
1401-05-10,1226
1401-05-11,1245
1401-05-12,1254
1401-05-15,1281
1401-05-18,1277
1401-05-19,1265
1401-05-22,1302
1401-05-23,1274
1401-05-24,1272
1401-05-25,1245
1401-05-26,1240
1401-05-29,1222
1401-05-30,1215
1401-05-31,1215
1401-06-01,1245
1401-06-02,1254
1401-06-05,1242
1401-06-06,1231
1401-06-07,1220
1401-06-09,1220
1401-06-12,1195
1401-06-13,1192
1401-06-14,1192
1401-06-15,1183
1401-06-16,1179
1401-06-19,1151
1401-06-20,1156
1401-06-21,1158
1401-06-22,1163
1401-06-23,1160
1401-06-27,1151
1401-06-28,1149
1401-06-29,1147
1401-06-30,1144
1401-07-02,1110
1401-07-04,1124
1401-07-06,1131
1401-07-09,1104
1401-07-10,1113
1401-07-11,1108
1401-07-12,1104
1401-07-16,1106
1401-07-17,1104
1401-07-18,1113
1401-07-19,1139
1401-07-20,1126
1401-07-23,1122
1401-07-24,1108
1401-07-25,1109
1401-07-26,1109
1401-07-27,1109
1401-07-30,1105
1401-08-01,1104
1401-08-02,1076
1401-08-03,1078
1401-08-04,1060
1401-08-07,1077
1401-08-08,1128
1401-08-09,1122
1401-08-10,1127
1401-08-11,1149
1401-08-14,1215
1401-08-15,1281
1401-08-16,1363
1401-08-17,1339
1401-08-18,1372
1401-08-21,1427
1401-08-22,1400
1401-08-23,1393
1401-08-24,1400
1401-08-25,1388
1401-08-28,1356
1401-08-29,1356
1401-08-30,1363
1401-09-01,1363
1401-09-02,1354
1401-09-05,1356
1401-09-06,1363
1401-09-07,1352
1401-09-08,1388
1401-09-09,1400
1401-09-12,1416
1401-09-13,1423
1401-09-14,1418
1401-09-15,1407
1401-09-16,1382
1401-09-19,1377
1401-09-20,1425
1401-09-21,1491
1401-09-22,1569
1401-09-23,1571
1401-09-26,1569
1401-09-27,1621
1401-09-28,1591
1401-09-29,1580
1401-09-30,1587
1401-10-03,1667
1401-10-04,1644
1401-10-05,1639
1401-10-07,1753
1401-10-10,1667
1401-10-11,1676
1401-10-12,1701
1401-10-13,1655
1401-10-14,1680
1401-10-17,1685
1401-10-18,1687
1401-10-19,1719
1401-10-20,1751
1401-10-21,1717
1401-10-24,1783
1401-10-26,1803
1401-10-27,1801
1401-10-28,1801
1401-11-01,1735
1401-11-02,1769
1401-11-03,1785
1401-11-04,1765
1401-11-05,1735
1401-11-08,1724
1401-11-09,1708
1401-11-10,1710
1401-11-11,1701
1401-11-12,1726
1401-11-16,1705
1401-11-17,1719
1401-11-18,1817
1401-11-19,1794
1401-11-23,1778
1401-11-24,1774
1401-11-25,1767
1401-11-26,1762
1401-11-30,1806
1401-12-01,1920
1401-12-02,2052
1401-12-03,2086
1401-12-06,2203
1401-12-07,2348
1401-12-08,2364
1401-12-09,2337
1401-12-10,2285
1401-12-13,2237
1401-12-14,2244
1401-12-20,2196
1401-12-27,2444
1401-12-28,2567
1402-01-05,2738
1402-01-06,2725
1402-01-07,2803
1402-01-08,2752
1402-01-09,2759
1402-01-14,2721
1402-01-15,2714
1402-01-16,2738
1402-01-19,2817
1402-01-20,2817
1402-01-21,2714
1402-01-22,2701
1402-01-26,2769
1402-01-27,2772
1402-01-28,2762
1402-01-29,2728
1402-01-30,2721
1402-02-04,2742
1402-02-05,2735
1402-02-06,2755
1402-02-09,2936
1402-02-10,2991
1402-02-11,2991
1402-02-12,2995
1402-02-13,2919
1402-02-16,2926
1402-02-17,2728
1402-02-18,2601
1402-02-19,2694
1402-02-20,2660
1402-02-23,2625
1402-02-24,2759
1402-02-25,2701
1402-02-27,2701
1402-02-30,2673
1402-02-31,2707
1402-03-01,2660
1402-03-02,2636
1402-03-03,2622
1402-03-06,2595
1402-03-07,2584
1402-03-08,2571
1402-03-09,2567
1402-03-10,2567
1402-03-13,2564
1402-03-16,2567
1402-03-17,2577
1402-03-20,2448
1402-03-21,2444
1402-03-22,2362
1402-03-23,2389
1402-03-24,2400
1402-03-27,2451
1402-03-28,2410
1402-03-29,2407
1402-03-30,2413
1402-03-31,2369
1402-04-03,2359
1402-04-04,2386
1402-04-05,2366
1402-04-06,2362
1402-04-07,2362
1402-04-10,2362
1402-04-11,2393
1402-04-12,2454
1402-04-13,2478
1402-04-14,2495
1402-04-17,2468
1402-04-18,2489
1402-04-19,2468
1402-04-20,2407
1402-04-21,2389
1402-04-24,2386
1402-04-25,2352
1402-04-26,2304
1402-04-27,2437
1402-05-02,2439
1402-05-03,2439
1402-05-04,2442
1402-05-07,2453
1402-05-08,2442
1402-05-09,2446
1402-05-10,2501
1402-05-14,2589
1402-05-15,2604
1402-05-16,2608
1402-05-17,2578
1402-05-18,2567
1402-05-21,2439
1402-05-22,2486
1402-05-23,2479
1402-05-24,2464
1402-05-25,2461
1402-05-28,2435
1402-05-29,2453
1402-05-30,2461
1402-05-31,2435
1402-06-01,2475
1402-06-04,2530
1402-06-05,2648
1402-06-06,2681
1402-06-07,2696
1402-06-08,2707
1402-06-11,2736
1402-06-12,2740
1402-06-13,2747
1402-06-14,2747
1402-06-18,2707
1402-06-19,2718
1402-06-20,2714
1402-06-21,2703
1402-06-22,2725
1402-06-26,2714
1402-06-27,2710
1402-06-28,2707
1402-06-29,2714
1402-07-01,2710
1402-07-03,2670
1402-07-04,2637
1402-07-05,2641
1402-07-08,2589
1402-07-09,2560
1402-07-10,2564
1402-07-12,2560
1402-07-15,2564
1402-07-16,2538
1402-07-17,2553
1402-07-18,2567
1402-07-19,2567
1402-07-22,2556
1402-07-23,2567
1402-07-24,2567
1402-07-25,2567
1402-07-26,2575
1402-07-29,2553
1402-07-30,2560
1402-08-01,2553
1402-08-02,2538
1402-08-03,2542
1402-08-06,2479
1402-08-07,2549
1402-08-08,2534
1402-08-09,2534
1402-08-10,2538
1402-08-13,2567
1402-08-14,2567
1402-08-15,2578
1402-08-16,2597
1402-08-17,2611
1402-08-20,2597
1402-08-21,2593
1402-08-22,2571
1402-08-23,2560
1402-08-24,2553
1402-08-27,2538
1402-08-28,2542
1402-08-29,2530
1402-08-30,2534
1402-09-01,2549
1402-09-04,2534
1402-09-05,2542
1402-09-06,2542
1402-09-07,2545
1402-09-08,2582
1402-09-11,2608
1402-09-12,2795
1402-09-13,2754
1402-09-14,2776
1402-09-15,2765
1402-09-18,2743
1402-09-19,2758
1402-09-20,2747
1402-09-21,2743
1402-09-22,2740
1402-09-25,2747
1402-09-27,2806
1402-09-28,2828
1402-09-29,2853
1402-10-02,2824
1402-10-03,2795
1402-10-04,2765
1402-10-05,2740
1402-10-06,2747
1402-10-09,2743
1402-10-10,2714
1402-10-11,2718
1402-10-12,2677
1402-10-13,2714
1402-10-16,2681
1402-10-17,2677
1402-10-18,2670
1402-10-19,2696
1402-10-20,2725
1402-10-23,2751
1402-10-24,2773
1402-10-25,2747
1402-10-26,2747
1402-10-27,2732
1402-10-30,2721
1402-11-01,2725
1402-11-02,2729
1402-11-03,2718
1402-11-04,2736
1402-11-07,2718
1402-11-08,2736
1402-11-09,2721
1402-11-10,2699
1402-11-11,2707
1402-11-14,2710
1402-11-15,2692
1402-11-16,2670
1402-11-17,2655
1402-11-18,2666
1402-11-21,2666
1402-12-09,2674
1402-12-13,2869
1402-12-14,2836
1402-12-15,2859
1402-12-16,2864
1402-12-19,2874
1402-12-20,2902
1402-12-21,2921
1402-12-22,2936
1402-12-23,2960
1402-12-26,3041
1402-12-27,3145
1402-12-28,3265
1403-01-05,3360
1403-01-06,3317
1403-01-07,3303
1403-01-08,3308
1403-01-11,3293
1403-01-14,3298
1403-01-15,3312
1403-01-18,3336
1403-01-19,3369
1403-01-20,3389
1403-01-21,3441
1403-01-25,3322
1403-01-26,3327
1403-01-27,3355
1403-01-28,3389
1403-01-29,3408
1403-02-01,3646
1403-02-02,3694
1403-02-03,3717
1403-02-04,3694
1403-02-05,3694
1403-02-08,3727
1403-02-09,3703
1403-02-10,3665
1403-02-11,3622
1403-02-12,3574
1403-02-16,3498
1403-02-17,3417
1403-02-18,3417
1403-02-19,3389
1403-02-22,3360
1403-02-23,3312
1403-02-24,3236
1403-02-25,3269
1403-02-26,3360
1403-02-29,3379
1403-02-30,3312
1403-03-01,3350
1403-03-05,3298
1403-03-06,3274
1403-03-07,3279
1403-03-08,3293
1403-03-09,3355
1403-03-12,3408
1403-03-13,3403
1403-03-16,3369
1403-03-19,3327
1403-03-20,3355
1403-03-21,3422
1403-03-22,3417
1403-03-23,3417
1403-03-26,3331
1403-03-27,3303
1403-03-29,3236
1403-03-30,3279
1403-04-02,3284
1403-04-03,3303
1403-04-04,3365
1403-04-06,3408
1403-04-09,3417
1403-04-10,3398
1403-04-11,3403
1403-04-12,3446
1403-04-13,3479
1403-04-16,3670
1403-04-17,3675
1403-04-18,3641
1403-04-19,3655
1403-04-20,3670
1403-04-23,3660
1403-04-24,3670
1403-04-27,3651
1403-05-03,3580
1403-05-06,3485
1403-05-08,3390
1403-05-09,3400
1403-05-10,3254
1403-05-13,3099
1403-05-14,3164
1403-05-15,3149
1403-05-16,3139
1403-05-20,3129
1403-05-21,3144
1403-05-22,3109
1403-05-23,3099
1403-05-24,3129
1403-05-27,3189
1403-05-28,3249
1403-05-29,3199
1403-05-30,3184
1403-05-31,3224
1403-06-03,3274
1403-06-05,3294
1403-06-06,3284
1403-06-07,3279
1403-06-10,3350
1403-06-11,3330
1403-06-13,3279
1403-06-17,3229
1403-06-18,3169
1403-06-19,3144
1403-06-20,3119
1403-06-21,3084
1403-06-24,3024
1403-06-25,3064
1403-06-26,3059
1403-06-27,3124
1403-06-28,3104
1403-07-01,3109
1403-07-02,3169
1403-07-03,3234
1403-07-04,3234
1403-07-07,3229
1403-07-08,3204
1403-07-09,3209
1403-07-10,3169
1403-07-11,3139
1403-07-14,3109
1403-07-15,3084
1403-07-16,3104
1403-07-17,3109
1403-07-18,3134
1403-07-21,3214
1403-07-22,3209
1403-07-23,3119
1403-07-24,3069
1403-07-25,3099
1403-07-28,3009
1403-07-29,2924
1403-07-30,2879
1403-08-01,2829
1403-08-02,2769
1403-08-05,2849
1403-08-06,2904
1403-08-07,2989
1403-08-08,2969
1403-08-09,3114
1403-08-12,3069
1403-08-13,3019
1403-08-14,3054
1403-08-15,3044
1403-08-16,3059
1403-08-19,3119
1403-08-20,3209
1403-08-21,3264
1403-08-22,3264
1403-08-23,3274
1403-08-26,3365
1403-08-27,3319
1403-08-28,3395
1403-08-29,3294
1403-08-30,3259
1403-09-03,3269
1403-09-04,3370
1403-09-05,3465
1403-09-06,3405
1403-09-07,3510
1403-09-10,3415
1403-09-11,3415
1403-09-12,3505
1403-09-13,3500
1403-09-14,3490
1403-09-17,3400
1403-09-18,3400
1403-09-19,3470
1403-09-20,3460
1403-09-21,3570
1403-09-24,3650
1403-09-25,3755
1403-09-26,3820
1403-09-27,3745
1403-09-28,3950
1403-10-01,3990
1403-10-02,4021
1403-10-03,4166
1403-10-04,4241
1403-10-05,4086
1403-10-08,3985
1403-10-09,3870
1403-10-10,3810
1403-10-11,3905
1403-10-12,4011
1403-10-15,4096
1403-10-16,4086
1403-10-17,4131
1403-10-18,4236
1403-10-19,4256
1403-10-23,4201
1403-10-24,4211
1403-10-26,4261
1403-10-29,4176
1403-10-30,4126
1403-11-01,4036
1403-11-02,4141
1403-11-03,4191
1403-11-06,4176
1403-11-07,4081
1403-11-08,4071
1403-11-10,4031
1403-11-13,3990
1403-11-14,3996
1403-11-15,4011
1403-11-16,4001
1403-11-17,4061
1403-11-21,4096
1403-11-23,4051
1403-11-27,3960
1403-11-28,3990
1403-11-29,4061
1403-11-30,4181
1403-12-01,4206
1403-12-04,4181
1403-12-05,4311
1403-12-06,4426
1403-12-07,4556
1403-12-08,4631
1403-12-11,4571
1403-12-12,4596
1403-12-13,4466
1403-12-14,4396
1403-12-15,4421
1403-12-18,4311
1403-12-19,4311
1403-12-20,4386
1403-12-21,4316
1403-12-22,4426
1403-12-25,4531
1403-12-26,4631
1403-12-27,4611
1403-12-28,4641
1404-01-05,4682
1404-01-06,4822
1404-01-09,4962
1404-01-10,5072
1404-01-16,4917
1404-01-17,4772
1404-01-18,4722
1404-01-19,4817
1404-01-20,4832
1404-01-23,4877
1404-01-24,5037
1404-01-25,4982
1404-01-26,4862
1404-02-22,5056
1404-02-23,4981
1404-02-24,4948
1404-02-27,4840
1404-02-28,4820
1404-02-29,4712
1404-02-30,4584
1404-02-31,4590
1404-03-03,4651
1404-03-04,4584
1404-03-05,4752
1404-03-06,4806
1404-03-07,4725
1404-03-10,4698
1404-03-11,4692
1404-03-12,4678
1404-03-13,4631
1404-03-17,4543
1404-03-18,4530
1404-03-19,4435
1404-03-20,4496
1404-03-21,4449
1404-04-07,4321
1404-04-08,4193
1404-04-10,4071
1404-04-11,4159
1404-04-16,4098
1404-04-17,4044
1404-04-18,4139
1404-04-21,4206
1404-04-22,4327
1404-04-23,4402
1404-04-24,4449
1404-04-25,4476
1404-04-28,4483
1404-04-29,4557
1404-05-06,4414
1404-05-07,4286
1404-05-08,4158
1404-05-11,4108
1404-05-12,4122
1404-05-13,4115
1404-05-14,4036
1404-05-15,3994
1404-05-18,4015
1404-05-19,4029
1404-05-20,3951
1404-05-21,3894
1404-05-22,3808
1404-05-25,3851
1404-05-26,3901
1404-05-27,3901
1404-05-28,3908
1404-05-29,3887
1404-06-01,3880
1404-06-03,3773
1404-06-04,3737
1404-06-05,3737
1404-06-08,3780
1404-06-09,3808
1404-06-11,3922
1404-06-12,4036
1404-06-15,4079
1404-06-16,4200
1404-06-17,4336
1404-06-18,4286
1404-06-22,4307
1404-06-23,4443
1404-06-24,4400
1404-06-25,4265
1404-06-26,4215
1404-06-29,4079
1404-06-30,4136
1404-06-31,4186
1404-07-01,4172
1404-07-02,4208
1404-07-05,4286
1404-07-06,4393
1404-07-07,4521
1404-07-08,4657
1404-07-09,4792
1404-07-12,4907
1404-07-13,5049
1404-07-14,5199
1404-07-15,5349
1404-07-16,5491
1404-07-19,5520
1404-07-20,5620
1404-07-21,5534
1404-07-22,5406
1404-07-23,5477
1404-07-26,5520
1404-07-27,5563
1404-07-28,5577
1404-07-29,5606
1404-07-30,5655
1404-08-03,5584
1404-08-04,5577
1404-08-05,5727
1404-08-06,5891
1404-08-07,6005
1404-08-10,5869
1404-08-11,5948
1404-08-12,6091
1404-08-13,5919
1404-08-14,6098
1404-08-17,5962
1404-08-18,5927
1404-08-19,5912
1404-08-20,5812
1404-08-21,5884
1404-08-24,5919
1404-08-25,6091
1404-08-26,6133
1404-08-27,6112
1404-08-28,6219
1404-09-01,6240
1404-09-02,6347
1404-09-04,6454
1404-09-05,6469
1404-09-08,6533
1404-09-09,6683
1404-09-10,6797
1404-09-11,6968
1404-09-12,7160
1404-09-15,7353
1404-09-16,7460
1404-09-17,7731
1404-09-18,7581
1404-09-19,7560
1404-09-22,7710
1404-09-23,7809
1404-09-24,8002
1404-09-25,7817
1404-09-26,7959
1404-09-29,8145
1404-09-30,8266
1404-10-01,8159
1404-10-02,8273
1404-10-03,8501
1404-10-06,8744
1404-10-07,9001
1404-10-08,9264
1404-10-09,9143
1404-10-10,9407
1404-10-14,9685
1404-10-15,9963
1404-10-16,10256
1404-10-17,10563
1404-10-20,10627
1404-10-21,11062
1404-10-22,11383
1404-10-23,11661
1404-10-24,11376
1404-10-28,11711
1404-10-29,11511
1404-10-30,11319
1404-11-01,11126
1404-11-04,10677
1404-11-05,10363
1404-11-06,10056
1404-11-07,9871
1404-11-08,10070
1404-11-11,10142
1404-11-12,10498
1404-11-13,10812
1404-11-14,10834
1404-11-18,11162
1404-11-19,10834
1404-11-20,10791
1404-11-21,10541
1404-11-25,10206
1404-11-26,9999
1404-11-27,9914
1404-11-28,10006
1404-11-29,9657
1404-12-02,9478
1404-12-03,9329
1404-12-04,9493
1404-12-05,9550
1404-12-06,9771
1405-02-29,10056
1405-02-30,10149
1405-03-02,10448
1405-03-03,10755
1405-03-04,11076
1405-03-05,11404
1405-03-09,11739
1405-03-10,12089
1405-03-11,12446
1405-03-12,12816
1405-03-13,13194
1405-03-16,13580
1405-03-17,13843
1405-03-18,13430
1405-03-19,13872
1405-03-20,14286
1405-03-23,14714
1405-03-24,15149
1405-03-25,15598
1405-03-26,16062
1405-03-27,16532
1405-03-30,15962
1405-03-31,15741
1405-04-01,15277
1405-04-02,15463
1405-04-06,14992
1405-04-07,14578
1405-04-08,14728
1405-04-09,14835
1405-04-10,14856
1405-04-16,15313
1405-04-17,14806
1405-04-20,14585
1405-04-21,14150
1405-04-22,14143
1405-04-23,14250
1405-04-24,14122
1405-04-27,13772
1405-04-28,14179
1405-04-29,14600
1405-05-10,15030
1405-05-11,15300
1405-05-12,15750
1405-05-14,16220
1405-05-17,16700
1405-05-18,17200
1405-05-19,17710
1405-05-20,18240
1405-05-24,18770
1405-05-25,19070
1405-05-26,19280
1405-05-27,18800
1405-05-28,18530
1405-05-31,19250
1405-06-01,18640
1405-06-02,18830
1405-06-03,19480
1405-06-04,19950
1405-06-07,20540
1405-06-09,21150
1405-06-10,21410
1405-06-11,22160
1405-06-14,22530
1405-06-15,23200
1405-06-16,23890
1405-06-17,24600
1405-06-18,25330
1405-06-21,26080
1405-06-22,26720
1405-06-23,26380
1405-06-24,27180
1405-06-25,27410
1405-06-28,26240
1405-06-29,25530
1405-06-30,25100
1405-06-31,24160
1405-07-01,25030
1405-07-04,24780
1405-07-05,25290
1405-07-06,25840
1405-07-07,26600
1405-07-08,27390
1405-07-11,28210
1405-07-12,28310
1405-07-13,29620
